Customer ID,Customer Name,First Order Date
AA-10315,Alex Avila,2020-03-31
AA-10375,Allen Armold,2020-04-21
AA-10480,Andrew Allen,2020-05-04
AA-10645,Anna Andreadi,2020-06-22
AB-10015,Aaron Bergman,2020-02-18
AB-10060,Adam Bellavance,2021-09-18
AB-10105,Adrian Barton,2020-12-20
AB-10150,Aimee Bixby,2020-03-05
AB-10165,Alan Barnes,2020-11-16
AB-10255,Alejandro Ballentine,2020-07-22
AB-10600,Ann Blume,2020-11-18
AC-10420,Alyssa Crouse,2020-07-12
AC-10450,Amy Cox,2020-10-31
AC-10615,Ann Chong,2021-09-15
AC-10660,Anna Chung,2020-10-15
AD-10180,Alan Dominguez,2020-11-19
AF-10870,Art Ferguson,2021-12-06
AF-10885,Art Foster,2020-05-10
AG-10270,Alejandro Grove,2020-05-13
AG-10300,Aleksandra Gannaway,2020-04-26
AG-10330,Alex Grayson,2022-08-03
AG-10390,Allen Goldenen,2020-04-19
AG-10495,Andrew Gjertsen,2021-01-04
AG-10525,Andy Gerbode,2020-08-09
AG-10675,Anna Gayman,2021-05-07
AG-10765,Anthony Garverick,2020-09-17
AG-10900,Arthur Gainer,2020-07-23
AH-10030,Aaron Hawkins,2020-04-22
AH-10075,Adam Hart,2020-11-16
AH-10120,Adrian Hane,2020-07-18
AH-10195,Alan Haines,2021-03-05
AH-10210,Alan Hwang,2020-11-29
AH-10465,Amy Hunt,2021-01-03
AH-10585,Angele Hood,2020-10-26
AH-10690,Anna H?berlin,2020-04-02
AI-10855,Arianne Irving,2020-04-28
AJ-10780,Anthony Jacobs,2020-01-10
AJ-10795,Anthony Johnson,2020-05-14
AJ-10945,Ashley Jarboe,2020-03-03
AJ-10960,Astrea Jones,2020-09-14
AM-10360,Alice McCarthy,2020-10-06
AM-10705,Anne McFarland,2020-10-31
AO-10810,Anthony O'Donnell,2022-08-16
AP-10720,Anne Pryor,2020-03-03
AP-10915,Arthur Prichep,2020-08-23
AR-10345,Alex Russell,2020-12-30
AR-10405,Allen Rosenblatt,2020-10-03
AR-10510,Andrew Roberts,2020-05-02
AR-10540,Andy Reiter,2020-11-25
AR-10570,Anemone Ratner,2022-07-14
AR-10825,Anthony Rawles,2020-06-30
AS-10045,Aaron Smayling,2020-07-27
AS-10090,Adam Shillingsburg,2020-09-22
AS-10135,Adrian Shami,2022-11-13
AS-10225,Alan Schoenberger,2020-10-18
AS-10240,Alan Shonely,2020-03-15
AS-10285,Alejandro Savely,2022-05-21
AS-10630,Ann Steele,2020-08-01
AT-10435,Alyssa Tate,2020-11-24
AT-10735,Annie Thurman,2020-08-30
AW-10840,Anthony Witt,2021-04-13
AW-10930,Arthur Wiediger,2020-07-14
AY-10555,Andy Yotov,2020-04-06
AZ-10750,Annie Zypern,2020-03-17
BB-10990,Barry Blumstein,2020-07-27
BB-11545,Brenda Bowman,2021-06-05
BC-11125,Becky Castell,2020-07-06
BD-11320,Bill Donatelli,2021-05-31
BD-11500,Bradley Drucker,2020-02-01
BD-11560,Brendan Dodson,2021-05-30
BD-11605,Brian Dahlen,2020-01-13
BD-11620,Brian DeCherney,2020-06-30
BD-11635,Brian Derr,2020-10-05
BD-11725,Bruce Degenhardt,2021-07-03
BD-11770,Bryan Davis,2022-03-10
BE-11335,Bill Eplett,2022-01-15
BE-11410,Bobby Elias,2022-02-07
BE-11455,Brad Eason,2021-08-02
BF-10975,Barbara Fisher,2020-07-14
BF-11005,Barry Franz,2020-09-25
BF-11020,Barry Franz?sisch,2020-02-15
BF-11080,Bart Folk,2020-11-28
BF-11170,Ben Ferrer,2020-04-13
BF-11215,Benjamin Farhat,2020-11-09
BF-11275,Beth Fritzler,2020-03-22
BG-11035,Barry Gonzalez,2020-11-05
BG-11695,Brooke Gillingham,2020-05-11
BG-11740,Bruce Geld,2020-03-23
BH-11710,Brosina Hoffman,2020-06-09
BK-11260,Berenike Kampe,2020-08-03
BM-11140,Becky Martin,2020-09-08
BM-11575,Brendan Murry,2021-09-15
BM-11650,Brian Moss,2020-07-09
BM-11785,Bryan Mills,2020-06-06
BN-11470,Brad Norvell,2020-09-12
BN-11515,Bradley Nguyen,2020-03-17
BO-11350,Bill Overfelt,2022-01-03
BO-11425,Bobby Odegard,2021-09-10
BP-11050,Barry Pond,2020-10-12
BP-11095,Bart Pistole,2020-06-07
BP-11155,Becky Pak,2021-06-04
BP-11185,Ben Peterman,2021-03-24
BP-11230,Benjamin Patterson,2020-04-20
BP-11290,Beth Paige,2020-10-03
BS-11365,Bill Shonely,2020-05-04
BS-11380,Bill Stewart,2020-11-29
BS-11590,Brendan Sweed,2020-01-14
BS-11665,Brian Stugart,2020-06-23
BS-11755,Bruce Stewart,2020-05-18
BS-11800,Bryan Spruell,2021-09-26
BT-11305,Beth Thompson,2020-04-25
BT-11395,Bill Tyler,2020-10-28
BT-11440,Bobby Trafton,2020-06-04
BT-11485,Brad Thomas,2021-12-27
BT-11530,Bradley Talbott,2020-05-21
BT-11680,Brian Thompson,2020-11-28
BV-11245,Benjamin Venier,2021-03-26
BW-11065,Barry Weirich,2020-05-25
BW-11110,Bart Watters,2021-03-20
BW-11200,Ben Wallace,2020-08-12
CA-11965,Carol Adams,2020-01-26
CA-12055,Cathy Armstrong,2021-09-05
CA-12265,Christina Anderson,2020-03-25
CA-12310,Christine Abelman,2020-07-19
CA-12775,Cynthia Arntzen,2020-06-28
CB-12025,Cassandra Brandow,2020-03-21
CB-12415,Christy Brittain,2021-11-05
CB-12535,Claudia Bergmann,2021-01-02
CC-12100,Chad Cunningham,2020-12-16
CC-12145,Charles Crestani,2020-07-20
CC-12220,Chris Cortes,2020-09-09
CC-12370,Christopher Conant,2022-05-23
CC-12430,Chuck Clark,2021-09-06
CC-12475,Cindy Chapman,2020-05-16
CC-12550,Clay Cheatham,2023-06-15
CC-12610,Corey Catlett,2020-08-27
CC-12670,Craig Carreira,2020-12-23
CC-12685,Craig Carroll,2020-03-22
CD-11920,Carlos Daly,2020-03-24
CD-11980,Carol Darley,2022-11-24
CD-12280,Christina DeMoss,2023-11-05
CD-12790,Cynthia Delaney,2020-02-02
CG-12040,Catherine Glotzbach,2021-06-01
CG-12520,Claire Gute,2021-10-15
CH-12070,Cathy Hwang,2021-06-25
CJ-11875,Carl Jackson,2022-12-30
CJ-12010,Caroline Jumper,2022-03-10
CK-12205,Chloris Kastensmidt,2020-03-11
CK-12325,Christine Kargatis,2020-03-14
CK-12595,Clytie Kelty,2020-12-26
CK-12760,Cyma Kinney,2020-02-07
CL-11890,Carl Ludwig,2020-07-26
CL-12565,Clay Ludtke,2020-03-04
CL-12700,Craig Leslie,2022-04-24
CM-11815,Candace McMahon,2020-11-14
CM-11935,Carlos Meador,2021-09-24
CM-12115,Chad McGuire,2021-03-29
CM-12160,Charles McCrossin,2022-10-21
CM-12190,Charlotte Melton,2021-09-18
CM-12235,Chris McAfee,2022-05-01
CM-12385,Christopher Martinez,2021-03-16
CM-12445,Chuck Magee,2020-06-09
CM-12655,Corinna Mitchell,2021-03-19
CM-12715,Craig Molinari,2020-03-07
Co-12640,Corey-Lock,2020-06-20
CP-12085,Cathy Prescott,2020-12-04
CP-12340,Christine Phan,2020-03-17
CR-12580,Clay Rozendal,2022-04-18
CR-12625,Corey Roper,2020-06-01
CR-12730,Craig Reiter,2020-08-20
CR-12820,Cyra Reiten,2021-01-24
CS-11845,Cari Sayre,2020-12-14
CS-11860,Cari Schnelling,2020-05-02
CS-11950,Carlos Soltero,2020-06-08
CS-12130,Chad Sievert,2020-08-05
CS-12175,Charles Sheldon,2020-08-12
CS-12250,Chris Selesnick,2020-01-13
CS-12355,Christine Sundaresam,2020-08-15
CS-12400,Christopher Schild,2020-09-26
CS-12460,Chuck Sachs,2023-07-03
CS-12490,Cindy Schnelling,2021-01-12
CS-12505,Cindy Stewart,2020-03-26
CT-11995,Carol Triggs,2020-05-07
CV-12295,Christina VanderZanden,2020-03-28
CV-12805,Cynthia Voltz,2022-05-09
CW-11905,Carl Weiss,2020-06-09
CY-12745,Craig Yedwab,2020-12-12
DA-13450,Dianna Arnett,2020-04-25
DB-12910,Daniel Byrd,2020-10-24
DB-12970,Darren Budd,2020-11-12
DB-13060,Dave Brooks,2020-03-01
DB-13120,David Bremer,2021-05-01
DB-13210,Dean Braden,2021-03-22
DB-13270,Deborah Brumfield,2020-02-04
DB-13360,Dennis Bolton,2020-11-19
DB-13405,Denny Blanton,2021-08-08
DB-13555,Dorothy Badders,2020-04-21
DB-13615,Doug Bickford,2020-09-30
DB-13660,Duane Benoit,2020-06-17
DC-12850,Dan Campbell,2020-07-05
DC-13285,Debra Catini,2020-12-29
DD-13570,Dorothy Dickinson,2020-03-31
DE-13255,Deanra Eno,2020-08-22
DF-13135,David Flashing,2020-10-04
DG-13300,Deirdre Greer,2020-11-01
DH-13075,Dave Hallsten,2020-11-21
DH-13675,Duane Huffman,2020-08-12
DJ-13420,Denny Joy,2020-12-08
DJ-13510,Don Jones,2020-08-17
DJ-13630,Doug Jacobs,2021-12-14
DK-12835,Damala Kotsonis,2020-03-26
DK-12895,Dana Kaydos,2021-03-08
DK-12985,Darren Koutras,2020-11-24
DK-13090,Dave Kipp,2021-03-02
DK-13150,David Kendrick,2020-12-05
DK-13225,Dean Katz,2020-03-14
DK-13375,Dennis Kane,2020-09-07
DL-12865,Dan Lawera,2020-06-29
DL-12925,Daniel Lacy,2020-09-09
DL-13315,Delfina Latchford,2020-01-16
DL-13330,Denise Leinenbach,2020-06-23
DL-13495,Dionis Lloyd,2021-12-25
Dl-13600,Dorris liebe,2020-03-30
DM-12955,Dario Medina,2020-09-30
DM-13015,Darrin Martin,2020-09-14
DM-13345,Denise Monton,2020-11-03
DM-13525,Don Miller,2020-07-05
DN-13690,Duane Noonan,2020-09-20
DO-13435,Denny Ordway,2020-10-03
DO-13645,Doug O'Connell,2021-11-07
DP-13000,Darren Powers,2020-01-03
DP-13105,Dave Poirier,2021-08-22
DP-13165,David Philippe,2020-12-02
Dp-13240,Dean percer,2020-05-26
DP-13390,Dennis Pardue,2020-07-05
DR-12880,Dan Reichenbach,2021-09-25
DR-12940,Daniel Raglin,2020-03-28
DS-13030,Darrin Sayre,2020-07-09
DS-13180,David Smith,2020-04-28
DV-13045,Darrin Van Huff,2022-06-12
DV-13465,Dianna Vittorini,2020-06-22
DW-13195,David Wiener,2020-01-18
DW-13480,Dianna Wilson,2020-06-01
DW-13540,Don Weiss,2022-02-27
DW-13585,Dorothy Wardle,2020-08-24
EA-14035,Erin Ashbrook,2020-09-13
EB-13705,Ed Braxton,2020-07-08
EB-13750,Edward Becker,2021-03-12
EB-13840,Ellis Ballard,2020-05-30
EB-13870,Emily Burns,2020-05-05
EB-13930,Eric Barreto,2020-02-02
EB-13975,Erica Bern,2022-01-04
EB-14110,Eugene Barchas,2021-04-13
EB-14170,Evan Bailliet,2020-09-29
EC-14050,Erin Creighton,2020-12-17
ED-13885,Emily Ducich,2020-08-09
EG-13900,Emily Grady,2021-11-02
EH-13765,Edward Hooks,2020-04-12
EH-13945,Eric Hoffmann,2020-07-02
EH-13990,Erica Hackney,2020-01-15
EH-14005,Erica Hernandez,2020-05-13
EH-14125,Eugene Hildebrand,2020-10-19
EH-14185,Evan Henry,2020-05-22
EJ-13720,Ed Jacobs,2020-01-27
EJ-14155,Eva Jacobs,2020-03-03
EK-13795,Eileen Kiefer,2020-03-18
EL-13735,Ed Ludwig,2022-04-22
EM-13810,Eleni McCrary,2021-06-07
EM-13825,Elizabeth Moffitt,2020-12-02
EM-13960,Eric Murdock,2021-10-01
EM-14065,Erin Mull,2020-07-22
EM-14095,Eudokia Martin,2021-08-07
EM-14140,Eugene Moren,2020-07-19
EM-14200,Evan Minnotte,2021-12-20
EN-13780,Edward Nazzal,2021-05-30
EP-13915,Emily Phan,2020-07-06
ER-13855,Elpida Rittenbach,2021-12-21
ES-14020,Erica Smith,2020-09-20
ES-14080,Erin Smith,2020-10-02
FA-14230,Frank Atkinson,2020-09-19
FC-14245,Frank Carlisle,2021-06-13
FC-14335,Fred Chung,2020-10-10
FG-14260,Frank Gastineau,2020-05-21
FH-14275,Frank Hawley,2020-04-06
FH-14350,Fred Harton,2021-08-23
FH-14365,Fred Hopkins,2020-10-20
FM-14215,Filia McAdams,2020-03-11
FM-14290,Frank Merwin,2020-08-26
FM-14380,Fred McMath,2021-07-12
FO-14305,Frank Olsen,2020-06-09
FP-14320,Frank Preis,2020-12-07
FW-14395,Fred Wasserman,2021-03-22
GA-14515,George Ashbrook,2020-05-18
GA-14725,Guy Armstrong,2020-02-11
GB-14530,George Bell,2020-04-28
GB-14575,Giulietta Baptist,2021-06-12
GD-14590,Giulietta Dortch,2020-05-05
GG-14650,Greg Guthrie,2020-10-31
GH-14410,Gary Hansen,2020-07-09
GH-14425,Gary Hwang,2020-06-17
GH-14485,Gene Hale,2021-10-08
GH-14665,Greg Hansen,2021-11-17
GK-14620,Grace Kelly,2020-06-25
GM-14440,Gary McGarr,2020-03-21
GM-14455,Gary Mitchum,2020-04-11
GM-14500,Gene McClure,2020-08-09
GM-14680,Greg Matthias,2020-05-10
GM-14695,Greg Maxwell,2020-04-05
GP-14740,Guy Phonely,2020-04-06
GR-14560,Georgia Rosenberg,2020-11-19
GT-14635,Grant Thornton,2020-06-06
GT-14710,Greg Tran,2020-05-23
GT-14755,Guy Thornton,2021-02-18
GW-14605,Giulietta Weimer,2020-03-01
GZ-14470,Gary Zandusky,2020-08-05
GZ-14545,George Zrebassa,2020-09-28
HA-14905,Helen Abelman,2020-06-30
HA-14920,Helen Andreada,2020-10-11
HD-14785,Harold Dahlen,2020-05-11
HE-14800,Harold Engle,2022-01-30
HF-14995,Herbert Flentye,2020-05-26
HG-14845,Harry Greene,2020-04-29
HG-14965,Henry Goldwyn,2020-09-20
HG-15025,Hunter Glantz,2020-10-14
HH-15010,Hilary Holden,2020-08-29
HJ-14875,Heather Jas,2021-04-13
HK-14890,Heather Kirkland,2020-06-10
HL-15040,Hunter Lopez,2020-01-20
HM-14860,Harry Marie,2020-07-21
HM-14980,Henry MacAllister,2021-10-02
HP-14815,Harold Pawlan,2020-05-06
HR-14770,Hallie Redmond,2020-03-01
HR-14830,Harold Ryan,2020-11-24
HW-14935,Helen Wasserman,2021-09-27
HZ-14950,Henia Zydlo,2022-03-14
IG-15085,Ivan Gibson,2020-10-18
IL-15100,Ivan Liston,2020-08-01
IM-15055,Ionia McGrath,2020-01-23
IM-15070,Irene Maddox,2020-12-19
JA-15970,Joseph Airdo,2020-09-17
JB-15400,Jennifer Braxton,2020-09-14
JB-15925,Joni Blumstein,2020-12-05
JB-16000,Joy Bell-,2022-01-10
JB-16045,Julia Barnett,2021-05-03
JC-15340,Jasper Cacioppo,2020-01-28
JC-15385,Jenna Caffey,2023-07-08
JC-15775,John Castell,2020-09-14
JC-16105,Julie Creighton,2020-11-18
JD-15790,John Dryer,2021-04-02
JD-15895,Jonathan Doherty,2020-03-26
JD-16015,Joy Daniels,2020-10-04
JD-16060,Julia Dunbar,2020-09-24
JD-16150,Justin Deggeller,2020-11-16
JE-15475,Jeremy Ellison,2021-03-16
JE-15610,Jim Epp,2020-10-14
JE-15715,Joe Elijah,2020-08-25
JE-15745,Joel Eaton,2020-06-22
JE-16165,Justin Ellison,2022-12-05
JF-15190,Jamie Frazer,2020-11-15
JF-15295,Jason Fortune-,2020-03-14
JF-15355,Jay Fein,2021-10-23
JF-15415,Jennifer Ferguson,2020-06-17
JF-15490,Jeremy Farry,2020-10-19
JF-15565,Jill Fjeld,2020-10-11
JG-15115,Jack Garza,2020-09-21
JG-15160,James Galang,2020-05-30
JG-15310,Jason Gross,2022-03-03
JG-15805,John Grady,2020-04-05
JH-15430,Jennifer Halladay,2020-02-24
JH-15820,John Huston,2020-05-19
JH-15910,Jonathan Howell,2021-06-12
JH-15985,Joseph Holt,2020-08-09
JH-16180,Justin Hirsh,2021-05-25
JJ-15445,Jennifer Jackson,2021-03-05
JJ-15760,Joel Jenkins,2021-10-05
JK-15205,Jamie Kunitz,2020-07-11
JK-15325,Jason Klamczynski,2020-11-21
JK-15370,Jay Kimmel,2020-04-11
JK-15625,Jim Karlsson,2020-05-31
JK-15640,Jim Kriz,2020-09-19
JK-15730,Joe Kamberova,2020-11-18
JK-16090,Juliana Krohn,2021-04-21
JK-16120,Julie Kriz,2020-11-02
JL-15130,Jack Lebron,2020-07-18
JL-15175,James Lanier,2020-12-31
JL-15235,Janet Lee,2020-05-25
JL-15505,Jeremy Lonsdale,2020-11-14
JL-15835,John Lee,2020-04-18
JL-15850,John Lucas,2020-07-22
JM-15250,Janet Martin,2022-03-29
JM-15265,Janet Molinari,2020-08-25
JM-15535,Jessica Myrick,2020-09-13
JM-15580,Jill Matthias,2022-04-14
JM-15655,Jim Mitchum,2020-04-08
JM-15865,John Murray,2020-11-19
JM-16195,Justin MacKendrick,2020-04-30
JO-15145,Jack O'Briant,2020-01-06
JO-15280,Jas O'Carroll,2020-03-31
JO-15550,Jesus Ocampo,2021-03-19
JP-15460,Jennifer Patt,2020-08-24
JP-15520,Jeremy Pistek,2020-08-22
JP-16135,Julie Prescott,2020-09-23
JR-15670,Jim Radford,2021-12-24
JR-15700,Jocasta Rupert,2023-10-23
JR-16210,Justin Ritter,2021-09-18
JS-15595,Jill Stevenson,2020-03-03
JS-15685,Jim Sink,2022-06-14
JS-15880,John Stevenson,2020-04-08
JS-15940,Joni Sundaresam,2020-05-03
JS-16030,Joy Smith,2020-02-27
JW-15220,Jane Waco,2021-04-30
JW-15955,Joni Wasserman,2021-08-16
JW-16075,Julia West,2021-03-21
KA-16525,Kelly Andreada,2020-03-11
KB-16240,Karen Bern,2020-03-31
KB-16315,Karl Braun,2020-08-26
KB-16405,Katrina Bavinger,2021-11-20
KB-16585,Ken Black,2020-04-04
KB-16600,Ken Brennan,2020-12-30
KC-16255,Karen Carlisle,2020-09-08
KC-16540,Kelly Collister,2021-11-02
KC-16675,Kimberly Carter,2020-12-13
KD-16270,Karen Daniels,2020-11-11
KD-16345,Katherine Ducich,2020-09-02
KD-16495,Keith Dawkins,2020-09-28
KD-16615,Ken Dana,2021-09-13
KE-16420,Katrina Edelman,2020-04-03
KF-16285,Karen Ferguson,2020-09-26
KH-16330,Katharine Harms,2020-04-01
KH-16360,Katherine Hughes,2020-04-29
KH-16510,Keith Herrera,2020-08-15
KH-16630,Ken Heidel,2020-11-01
KH-16690,Kristen Hastings,2020-03-21
KL-16555,Kelly Lampkin,2020-06-15
KL-16645,Ken Lonsdale,2020-07-25
KM-16225,Kalyca Meade,2021-07-06
KM-16375,Katherine Murray,2020-07-20
KM-16660,Khloe Miller,2020-12-22
KM-16720,Kunst Miller,2020-03-30
KN-16390,Katherine Nockton,2020-12-02
KN-16450,Kean Nguyen,2020-04-12
KN-16705,Kristina Nunn,2020-03-02
KS-16300,Karen Seio,2021-01-13
KT-16465,Kean Takahito,2020-09-08
KT-16480,Kean Thornton,2020-03-10
KW-16435,Katrina Willman,2021-08-24
KW-16570,Kelly Williams,2020-09-30
LA-16780,Laura Armstrong,2020-04-29
LB-16735,Larry Blacks,2022-07-25
LB-16795,Laurel Beltran,2020-04-23
LC-16870,Lena Cacioppo,2021-05-03
LC-16885,Lena Creighton,2020-04-25
LC-16930,Linda Cazamias,2020-02-20
LC-16960,Lindsay Castell,2021-02-23
LC-17050,Liz Carlisle,2020-01-31
LC-17140,Logan Currie,2020-09-09
LD-16855,Lela Donovan,2022-06-26
LD-17005,Lisa DeCherney,2020-09-29
LE-16810,Laurel Elliston,2020-05-27
LF-17185,Luke Foster,2020-07-26
LH-16750,Larry Hughes,2020-09-21
LH-16900,Lena Hernandez,2020-08-19
LH-17020,Lisa Hazard,2020-09-08
LH-17155,Logan Haushalter,2020-12-12
LL-16840,Lauren Leatherbury,2020-04-29
LM-17065,Liz MacKendrick,2020-06-27
LO-17170,Lori Olson,2021-02-06
LP-17080,Liz Pelletier,2020-06-24
LP-17095,Liz Preis,2022-06-06
LR-16915,Lena Radford,2020-08-08
LR-17035,Lisa Ryan,2020-09-07
LS-16945,Linda Southworth,2021-04-25
LS-16975,Lindsay Shagiari,2020-10-20
LS-17200,Luke Schmidt,2020-10-18
LS-17230,Lycoris Saunders,2020-01-06
LS-17245,Lynn Smith,2020-10-16
LT-16765,Larry Tron,2020-09-01
LT-17110,Liz Thompson,2020-06-01
LW-16825,Laurel Workman,2020-05-30
LW-16990,Lindsay Williams,2022-05-05
LW-17125,Liz Willingham,2020-09-11
LW-17215,Luke Weiss,2020-09-12
MA-17560,Matt Abelman,2020-08-08
MA-17995,Michelle Arnett,2020-09-20
MB-17305,Maria Bertelson,2020-08-08
MB-18085,Mick Brown,2020-01-05
MC-17275,Marc Crier,2020-09-08
MC-17425,Mark Cousins,2020-05-30
MC-17575,Matt Collins,2020-12-02
MC-17590,Matt Collister,2020-05-20
MC-17605,Matt Connell,2020-03-19
MC-17635,Matthew Clasen,2020-11-28
MC-17845,Michael Chen,2020-07-05
MC-18100,Mick Crebagga,2020-06-18
MC-18130,Mike Caudle,2020-09-19
MD-17350,Maribeth Dona,2020-11-05
MD-17860,Michael Dominguez,2020-12-02
ME-17320,Maria Etezadi,2020-01-06
ME-17725,Max Engle,2020-07-12
ME-18010,Michelle Ellison,2020-07-21
MF-17665,Maureen Fritzler,2020-12-30
MF-18250,Monica Federle,2020-09-15
MG-17650,Matthew Grinstein,2020-08-09
MG-17680,Maureen Gastineau,2020-10-22
MG-17695,Maureen Gnade,2020-12-26
MG-17875,Michael Grace,2020-02-23
MG-17890,Michael Granlund,2020-12-29
MG-18145,Mike Gockenbach,2020-03-29
MG-18205,Mitch Gastineau,2023-04-10
MH-17290,Marc Harrigan,2020-04-26
MH-17440,Mark Haberlin,2020-02-04
MH-17455,Mark Hamilton,2020-07-11
MH-17620,Matt Hagelstein,2021-12-05
MH-17785,Maya Herman,2020-05-27
MH-18025,Michelle Huthwaite,2020-07-08
MH-18115,Mick Hernandez,2022-08-23
MJ-17740,Max Jones,2021-06-09
MK-17905,Michael Kennedy,2020-11-18
MK-18160,Mike Kennedy,2020-12-19
ML-17395,Marina Lichtenstein,2020-02-14
ML-17410,Maris LaWare,2020-11-14
ML-17755,Max Ludwig,2022-08-04
ML-18040,Michelle Lonsdale,2023-03-26
ML-18265,Muhammed Lee,2021-05-31
MM-17260,Magdelene Morse,2020-05-28
MM-17920,Michael Moore,2020-01-13
MM-18055,Michelle Moray,2020-04-11
MM-18280,Muhammed MacIntyre,2020-01-20
MN-17935,Michael Nguyen,2020-02-16
MO-17500,Mary O'Rourke,2020-11-28
MO-17800,Meg O'Connel,2021-09-17
MO-17950,Michael Oakman,2021-04-02
MP-17470,Mark Packer,2020-03-30
MP-17965,Michael Paige,2021-04-18
MP-18175,Mike Pelletier,2020-03-28
MR-17545,Mathew Reese,2020-09-03
MS-17365,Maribeth Schnelling,2020-09-09
MS-17530,MaryBeth Skach,2020-11-04
MS-17710,Maurice Satty,2020-03-24
MS-17770,Maxwell Schwartz,2020-07-04
MS-17830,Melanie Seite,2020-01-09
MS-17980,Michael Stewart,2020-06-30
MT-17815,Meg Tillman,2021-11-06
MT-18070,Michelle Tran,2020-09-25
MV-17485,Mark Van Huff,2020-01-20
MV-18190,Mike Vittorini,2020-01-30
MW-18220,Mitch Webber,2020-08-25
MW-18235,Mitch Willingham,2020-05-21
MY-17380,Maribeth Yedwab,2021-10-26
MY-18295,Muhammed Yedwab,2020-04-28
MZ-17335,Maria Zettner,2021-11-08
MZ-17515,Mary Zewe,2020-04-04
NB-18580,Nicole Brennan,2020-09-26
NB-18655,Nona Balk,2020-12-05
NC-18340,Nat Carroll,2020-03-30
NC-18415,Nathan Cano,2020-05-03
NC-18535,Nick Crebassa,2020-07-23
NC-18625,Noah Childs,2020-10-29
ND-18370,Natalie DeCherney,2020-01-13
ND-18460,Neil Ducich,2020-02-06
NF-18385,Natalie Fritzler,2020-02-11
NF-18475,Neil Franz?sisch,2020-03-14
NF-18595,Nicole Fjeld,2020-04-19
NG-18355,Nat Gilpin,2020-11-24
NG-18430,Nathan Gelder,2020-11-24
NH-18610,Nicole Hansen,2020-03-02
NK-18490,Neil Knudson,2021-05-28
NL-18310,Nancy Lomonaco,2020-10-31
NM-18445,Nathan Mautz,2020-02-08
NM-18520,Neoma Murray,2021-09-08
NP-18325,Naresj Patel,2020-05-13
NP-18670,Nora Paige,2021-02-27
NP-18685,Nora Pelletier,2020-03-07
NP-18700,Nora Preis,2020-09-05
NR-18550,Nick Radford,2020-06-07
NS-18505,Neola Schneider,2022-11-24
NS-18640,Noel Staavos,2020-06-25
NW-18400,Natalie Webber,2020-06-21
NZ-18565,Nick Zandusky,2020-08-02
ON-18715,Odella Nelson,2020-09-13
OT-18730,Olvera Toch,2021-04-20
PA-19060,Pete Armstrong,2020-05-17
PB-18805,Patrick Bzostek,2021-11-20
PB-19105,Peter B¬Åhler,2020-11-15
PB-19150,Philip Brown,2020-07-14
PB-19210,Phillip Breyer,2020-11-23
PC-18745,Pamela Coakley,2020-12-31
PC-19000,Pauline Chand,2020-04-08
PF-19120,Peter Fuller,2020-05-05
PF-19165,Philip Fox,2020-09-20
PF-19225,Phillip Flathmann,2022-06-26
PG-18820,Patrick Gardner,2020-05-09
PG-18895,Paul Gonzalez,2020-05-11
PH-18790,Patricia Hirasaki,2023-10-21
PJ-18835,Patrick Jones,2020-05-28
PJ-19015,Pauline Johnson,2020-04-07
PK-18910,Paul Knutson,2020-04-04
PK-19075,Pete Kriz,2020-11-11
PL-18925,Paul Lucas,2020-11-01
PM-18940,Paul MacIntyre,2020-05-04
PM-19135,Peter McVee,2021-12-19
PN-18775,Parhena Norris,2021-08-07
PO-18850,Patrick O'Brill,2020-11-02
PO-18865,Patrick O'Donnell,2020-03-23
PO-19180,Philisse Overcash,2021-08-11
PO-19195,Phillina Ober,2020-01-04
PP-18955,Paul Prost,2020-08-26
PR-18880,Patrick Ryan,2020-09-05
PS-18760,Pamela Stobb,2020-06-15
PS-18970,Paul Stevenson,2020-04-15
PS-19045,Penelope Sewall,2020-12-20
PT-19090,Pete Takahito,2020-09-12
PV-18985,Paul Van Hugh,2020-07-12
PW-19030,Pauline Webber,2020-05-16
PW-19240,Pierre Wener,2020-11-18
QJ-19255,Quincy Jones,2020-03-17
RA-19285,Ralph Arnett,2020-12-13
RA-19885,Ruben Ausman,2020-04-08
RA-19915,Russell Applegate,2020-06-30
RA-19945,Ryan Akin,2020-08-29
RB-19330,Randy Bradley,2020-11-17
RB-19360,Raymond Buch,2022-04-01
RB-19435,Richard Bierner,2020-03-11
RB-19465,Rick Bensley,2020-03-14
RB-19570,Rob Beeghly,2022-04-28
RB-19645,Robert Barroso,2020-08-23
RB-19705,Roger Barcio,2021-08-22
RB-19795,Ross Baird,2020-06-03
RC-19825,Roy Collins,2020-12-05
RC-19960,Ryan Crowe,2020-08-25
RD-19480,Rick Duston,2020-06-08
RD-19585,Rob Dowd,2020-04-02
RD-19660,Robert Dilbeck,2021-04-12
RD-19720,Roger Demir,2020-07-20
RD-19810,Ross DeVincentis,2020-10-27
RD-19900,Ruben Dartt,2020-04-05
RD-19930,Russell D'Ascenzo,2020-10-03
RE-19405,Ricardo Emerson,2020-12-29
RE-19450,Richard Eichhorn,2020-06-03
RF-19345,Randy Ferguson,2020-05-20
RF-19735,Roland Fjeld,2020-08-06
RF-19840,Roy Franz?sisch,2020-11-12
RH-19495,Rick Hansen,2020-08-23
RH-19510,Rick Huthwaite,2020-11-16
RH-19555,Ritsa Hightower,2021-12-04
RH-19600,Rob Haberlin,2021-07-02
RK-19300,Ralph Kennedy,2021-07-20
RL-19615,Rob Lucas,2020-12-05
RM-19375,Raymond Messe,2020-05-11
RM-19675,Robert Marley,2020-11-14
RM-19750,Roland Murray,2023-03-06
RO-19780,Rose O'Brian,2021-05-12
RP-19270,Rachel Payne,2020-10-19
RP-19390,Resi P?lking,2020-05-24
RP-19855,Roy Phan,2020-04-05
RR-19315,Ralph Ritter,2022-11-14
RR-19525,Rick Reed,2020-09-09
RS-19420,Ricardo Sperren,2020-08-05
RS-19765,Roland Schwarz,2020-04-07
RS-19870,Roy Skaria,2022-06-07
RW-19540,Rick Wilson,2021-02-03
RW-19630,Rob Williams,2020-06-28
RW-19690,Robert Waldorf,2022-05-30
SA-20830,Sue Ann Reed,2020-02-22
SB-20170,Sarah Bern,2020-06-06
SB-20185,Sarah Brown,2020-09-20
SB-20290,Sean Braxton,2020-05-09
SC-20020,Sam Craven,2020-03-03
SC-20050,Sample Company A,2020-03-18
SC-20095,Sanjit Chand,2020-02-12
SC-20230,Scot Coram,2022-06-06
SC-20260,Scott Cohen,2020-04-06
SC-20305,Sean Christensen,2020-12-16
SC-20380,Shahid Collister,2020-03-01
SC-20440,Shaun Chance,2021-08-17
SC-20575,Sonia Cooley,2020-06-16
SC-20680,Steve Carroll,2020-11-21
SC-20695,Steve Chapman,2020-12-16
SC-20725,Steven Cartwright,2020-06-03
SC-20770,Stewart Carmichael,2021-06-20
SC-20800,Stuart Calhoun,2021-12-11
SC-20845,Sung Chung,2022-11-11
SD-20485,Shirley Daniels,2020-01-26
SE-20110,Sanjit Engle,2020-04-11
SF-20065,Sandra Flanagan,2020-09-10
SF-20200,Sarah Foster,2020-12-23
SF-20965,Sylvia Foulston,2020-10-21
SG-20080,Sandra Glassco,2021-10-31
SG-20470,Sheri Gordon,2020-07-26
SG-20605,Speros Goranitis,2020-01-23
SG-20890,Susan Gilcrest,2020-03-30
SH-19975,Sally Hughsby,2020-12-10
SH-20395,Shahid Hopkins,2020-11-02
SH-20635,Stefanie Holloman,2020-12-16
SJ-20125,Sanjit Jacobs,2021-09-22
SJ-20215,Sarah Jordon,2021-02-09
SJ-20500,Shirley Jackson,2020-08-31
SK-19990,Sally Knutson,2022-11-28
SL-20155,Sara Luxemburg,2020-09-21
SM-20005,Sally Matthias,2020-11-23
SM-20320,Sean Miller,2020-03-18
SM-20905,Susan MacKendrick,2022-05-03
SM-20950,Suzanne McNair,2020-09-29
SN-20560,Skye Norling,2021-06-18
SN-20710,Steve Nguyen,2020-05-06
SO-20335,Sean O'Donnell,2021-10-11
SP-20545,Sibella Parks,2020-10-13
SP-20620,Stefania Perrino,2020-09-08
SP-20650,Stephanie Phelps,2020-04-16
SP-20860,Sung Pak,2020-12-15
SP-20920,Susan Pistek,2020-11-22
SR-20425,Sharelle Roach,2020-06-14
SR-20740,Steven Roelle,2020-02-20
SS-20140,Saphhira Shifley,2020-11-23
SS-20410,Shahid Shariari,2020-05-30
SS-20515,Shirley Schmidt,2020-07-14
SS-20590,Sonia Sunley,2020-08-05
SS-20875,Sung Shariari,2020-12-14
ST-20530,Shui Tom,2020-02-14
SU-20665,Stephanie Ulpright,2021-12-05
SV-20365,Seth Vernon,2020-01-11
SV-20785,Stewart Visinsky,2020-04-12
SV-20815,Stuart Van,2021-05-04
SV-20935,Susan Vittorini,2022-03-19
SW-20245,Scot Wooten,2020-07-20
SW-20275,Scott Williamson,2020-03-10
SW-20350,Sean Wendt,2022-04-09
SW-20455,Shaun Weien,2021-06-22
SW-20755,Steven Ward,2020-11-02
SZ-20035,Sam Zeldin,2020-09-07
TA-21385,Tom Ashbrook,2020-09-12
TB-21055,Ted Butterfield,2022-06-17
TB-21175,Thomas Boland,2020-12-08
TB-21190,Thomas Brumley,2020-12-27
TB-21250,Tim Brockman,2020-12-08
TB-21280,Toby Braunhardt,2020-06-21
TB-21355,Todd Boyes,2022-01-25
TB-21400,Tom Boeckenhauer,2020-01-21
TB-21520,Tracy Blumstein,2020-10-17
TB-21595,Troy Blackwell,2020-02-18
TB-21625,Trudy Brown,2020-08-06
TC-20980,Tamara Chand,2020-11-07
TC-21145,Theresa Coyne,2023-09-15
TC-21295,Toby Carlisle,2020-10-14
TC-21475,Tony Chapman,2020-11-22
TC-21535,Tracy Collins,2020-11-03
TD-20995,Tamara Dahlen,2020-05-19
TG-21310,Toby Gnade,2021-03-09
TG-21640,Trudy Glocke,2020-03-31
TH-21100,Thea Hendricks,2020-09-27
TH-21115,Thea Hudgings,2020-09-23
TH-21235,Tiffany House,2020-11-04
TH-21550,Tracy Hopkins,2020-04-05
TM-21010,Tamara Manning,2020-02-21
TM-21490,Tony Molinari,2023-03-30
TN-21040,Tanja Norvell,2020-10-10
TP-21130,Theone Pippenger,2021-04-14
TP-21415,Tom Prescott,2021-11-28
TP-21565,Tracy Poddar,2021-03-01
TR-21325,Toby Ritter,2020-12-01
TS-21085,Thais Sissman,2021-07-19
TS-21160,Theresa Swint,2020-04-23
TS-21205,Thomas Seio,2020-03-21
TS-21340,Toby Swindell,2020-01-19
TS-21370,Todd Sumrall,2020-10-28
TS-21430,Tom Stivers,2020-07-30
TS-21505,Tony Sayre,2020-12-20
TS-21610,Troy Staebel,2020-08-16
TS-21655,Trudy Schmidt,2021-02-06
TT-21070,Ted Trevino,2020-05-18
TT-21220,Thomas Thornton,2020-09-23
TT-21265,Tim Taslimi,2021-08-15
TT-21460,Tonja Turnell,2021-12-08
TW-21025,Tamara Willingham,2020-12-22
TZ-21580,Tracy Zic,2020-11-11
VB-21745,Victoria Brennan,2021-07-17
VD-21670,Valerie Dominguez,2020-08-04
VF-21715,Vicky Freymann,2020-03-01
VG-21790,Vivek Gonzalez,2020-08-08
VG-21805,Vivek Grady,2020-09-22
VM-21685,Valerie Mitchum,2020-04-07
VM-21835,Vivian Mathis,2020-03-22
VP-21730,Victor Preis,2021-07-05
VP-21760,Victoria Pisteka,2020-09-06
VS-21820,Vivek Sundaresam,2020-01-07
VT-21700,Valerie Takahito,2020-06-06
VW-21775,Victoria Wilson,2020-05-11
WB-21850,William Brown,2020-11-04
XP-21865,Xylona Preis,2020-01-20
YC-21895,Yoseph Carroll,2020-11-17
YS-21880,Yana Sorensen,2021-01-12
ZC-21910,Zuschuss Carroll,2020-10-13
ZD-21925,Zuschuss Donatelli,2020-08-27
